[
  {"model": "foodplan_site.allergen", "pk": 1, "fields": {"code": "seafood"}},
  {"model": "foodplan_site.allergen", "pk": 2, "fields": {"code": "meat"}},
  {"model": "foodplan_site.allergen", "pk": 3, "fields": {"code": "grains"}},
  {"model": "foodplan_site.allergen", "pk": 4, "fields": {"code": "bee_products"}},
  {"model": "foodplan_site.allergen", "pk": 5, "fields": {"code": "nuts"}},
  {"model": "foodplan_site.allergen", "pk": 6, "fields": {"code": "milk"}},

  {"model": "foodplan_site.ingredient", "pk": 1, "fields": {"name": "Курица", "description": "", "allergen": 2}},
  {"model": "foodplan_site.ingredient", "pk": 2, "fields": {"name": "Лосось", "description": "", "allergen": 1}},
  {"model": "foodplan_site.ingredient", "pk": 3, "fields": {"name": "Овсянка", "description": "", "allergen": 3}},
  {"model": "foodplan_site.ingredient", "pk": 4, "fields": {"name": "Молоко", "description": "", "allergen": 6}},
  {"model": "foodplan_site.ingredient", "pk": 5, "fields": {"name": "Орехи", "description": "", "allergen": 5}},
  {"model": "foodplan_site.ingredient", "pk": 6, "fields": {"name": "Шпинат", "description": "", "allergen": null}},
  {"model": "foodplan_site.ingredient", "pk": 7, "fields": {"name": "Яйцо", "description": "", "allergen": 6}},
  {"model": "foodplan_site.ingredient", "pk": 8, "fields": {"name": "Творог", "description": "", "allergen": 6}},
  {"model": "foodplan_site.ingredient", "pk": 9, "fields": {"name": "Морковь", "description": "", "allergen": null}},
  {"model": "foodplan_site.ingredient", "pk": 10, "fields": {"name": "Гречка", "description": "", "allergen": 3}},
  {"model": "foodplan_site.ingredient", "pk": 11, "fields": {"name": "Мёд", "description": "", "allergen": 4}},
  {"model": "foodplan_site.ingredient", "pk": 12, "fields": {"name": "Фисташки", "description": "", "allergen": 5}},

  {"model": "foodplan_site.recipe", "pk": 1, "fields": {"name": "Овсянка с ягодами", "image": "img/circle1.png", "diet_type": "classic", "dish_type": "breakfast"}},
  {"model": "foodplan_site.recipe", "pk": 2, "fields": {"name": "Яичница с беконом", "image": "img/circle1.png", "diet_type": "classic", "dish_type": "breakfast"}},
  {"model": "foodplan_site.recipe", "pk": 3, "fields": {"name": "Лосось на пару", "image": "img/circle1.png", "diet_type": "low_carb", "dish_type": "breakfast"}},
  {"model": "foodplan_site.recipe", "pk": 4, "fields": {"name": "Творожная запеканка", "image": "img/circle1.png", "diet_type": "low_carb", "dish_type": "breakfast"}},
  {"model": "foodplan_site.recipe", "pk": 5, "fields": {"name": "Веганские панкейки", "image": "img/circle1.png", "diet_type": "vegetarian", "dish_type": "breakfast"}},
  {"model": "foodplan_site.recipe", "pk": 6, "fields": {"name": "Смузи с шпинатом", "image": "img/circle1.png", "diet_type": "vegetarian", "dish_type": "breakfast"}},
  {"model": "foodplan_site.recipe", "pk": 7, "fields": {"name": "Яйца и авокадо", "image": "img/circle1.png", "diet_type": "keto", "dish_type": "breakfast"}},
  {"model": "foodplan_site.recipe", "pk": 8, "fields": {"name": "Кето-омлет", "image": "img/circle1.png", "diet_type": "keto", "dish_type": "breakfast"}},

  {"model": "foodplan_site.recipe", "pk": 9, "fields": {"name": "Курица с овощами", "image": "img/circle1.png", "diet_type": "classic", "dish_type": "lunch"}},
  {"model": "foodplan_site.recipe", "pk": 10, "fields": {"name": "Гречка с мясом", "image": "img/circle1.png", "diet_type": "classic", "dish_type": "lunch"}},
  {"model": "foodplan_site.recipe", "pk": 11, "fields": {"name": "Лосось с брокколи", "image": "img/circle1.png", "diet_type": "low_carb", "dish_type": "lunch"}},
  {"model": "foodplan_site.recipe", "pk": 12, "fields": {"name": "Курица на гриле", "image": "img/circle1.png", "diet_type": "low_carb", "dish_type": "lunch"}},
  {"model": "foodplan_site.recipe", "pk": 13, "fields": {"name": "Вегетарианский салат", "image": "img/circle1.png", "diet_type": "vegetarian", "dish_type": "lunch"}},
  {"model": "foodplan_site.recipe", "pk": 14, "fields": {"name": "Овощное рагу", "image": "img/circle1.png", "diet_type": "vegetarian", "dish_type": "lunch"}},
  {"model": "foodplan_site.recipe", "pk": 15, "fields": {"name": "Кето-курица с салатом", "image": "img/circle1.png", "diet_type": "keto", "dish_type": "lunch"}},
  {"model": "foodplan_site.recipe", "pk": 16, "fields": {"name": "Кето-суп", "image": "img/circle1.png", "diet_type": "keto", "dish_type": "lunch"}},

  {"model": "foodplan_site.recipe", "pk": 17, "fields": {"name": "Классический стейк", "image": "img/circle1.png", "diet_type": "classic", "dish_type": "dinner"}},
  {"model": "foodplan_site.recipe", "pk": 18, "fields": {"name": "Курица с картофелем", "image": "img/circle1.png", "diet_type": "classic", "dish_type": "dinner"}},
  {"model": "foodplan_site.recipe", "pk": 19, "fields": {"name": "Лосось с салатом", "image": "img/circle1.png", "diet_type": "low_carb", "dish_type": "dinner"}},
  {"model": "foodplan_site.recipe", "pk": 20, "fields": {"name": "Кето-брокколи с курицей", "image": "img/circle1.png", "diet_type": "low_carb", "dish_type": "dinner"}},
  {"model": "foodplan_site.recipe", "pk": 21, "fields": {"name": "Вегетарианская паста", "image": "img/circle1.png", "diet_type": "vegetarian", "dish_type": "dinner"}},
  {"model": "foodplan_site.recipe", "pk": 22, "fields": {"name": "Суп из шпината", "image": "img/circle1.png", "diet_type": "vegetarian", "dish_type": "dinner"}},
  {"model": "foodplan_site.recipe", "pk": 23, "fields": {"name": "Кето-салат с авокадо", "image": "img/circle1.png", "diet_type": "keto", "dish_type": "dinner"}},
  {"model": "foodplan_site.recipe", "pk": 24, "fields": {"name": "Кето-яичница с беконом", "image": "img/circle1.png", "diet_type": "keto", "dish_type": "dinner"}},

  {"model": "foodplan_site.recipe", "pk": 25, "fields": {"name": "Классический чизкейк", "image": "img/circle1.png", "diet_type": "classic", "dish_type": "dessert"}},
  {"model": "foodplan_site.recipe", "pk": 26, "fields": {"name": "Фруктовый салат", "image": "img/circle1.png", "diet_type": "classic", "dish_type": "dessert"}},
  {"model": "foodplan_site.recipe", "pk": 27, "fields": {"name": "Низкоуглеводный мусс", "image": "img/circle1.png", "diet_type": "low_carb", "dish_type": "dessert"}},
  {"model": "foodplan_site.recipe", "pk": 28, "fields": {"name": "Кето-шоколад", "image": "img/circle1.png", "diet_type": "low_carb", "dish_type": "dessert"}},
  {"model": "foodplan_site.recipe", "pk": 29, "fields": {"name": "Веганский торт", "image": "img/circle1.png", "diet_type": "vegetarian", "dish_type": "dessert"}},
  {"model": "foodplan_site.recipe", "pk": 30, "fields": {"name": "Фруктовое желе", "image": "img/circle1.png", "diet_type": "vegetarian", "dish_type": "dessert"}},
  {"model": "foodplan_site.recipe", "pk": 31, "fields": {"name": "Кето-крем", "image": "img/circle1.png", "diet_type": "keto", "dish_type": "dessert"}},
  {"model": "foodplan_site.recipe", "pk": 32, "fields": {"name": "Кето-ореховый десерт", "image": "img/circle1.png", "diet_type": "keto", "dish_type": "dessert"}},

  {"model": "foodplan_site.recipeingredient", "pk": 1, "fields": {"recipe": 1, "ingredient": 3, "quantity": 100, "unit": "g"}},
  {"model": "foodplan_site.recipeingredient", "pk": 2, "fields": {"recipe": 1, "ingredient": 4, "quantity": 50, "unit": "ml"}},
  {"model": "foodplan_site.recipeingredient", "pk": 3, "fields": {"recipe": 2, "ingredient": 7, "quantity": 2, "unit": "pcs"}},
  {"model": "foodplan_site.recipeingredient", "pk": 4, "fields": {"recipe": 2, "ingredient": 1, "quantity": 100, "unit": "g"}},
  {"model": "foodplan_site.recipeingredient", "pk": 5, "fields": {"recipe": 3, "ingredient": 2, "quantity": 150, "unit": "g"}},
  {"model": "foodplan_site.recipeingredient", "pk": 6, "fields": {"recipe": 4, "ingredient": 8, "quantity": 100, "unit": "g"}},
  {"model": "foodplan_site.recipeingredient", "pk": 7, "fields": {"recipe": 5, "ingredient": 6, "quantity": 50, "unit": "g"}},
  {"model": "foodplan_site.recipeingredient", "pk": 8, "fields": {"recipe": 5, "ingredient": 5, "quantity": 20, "unit": "g"}},
  {"model": "foodplan_site.recipeingredient", "pk": 9, "fields": {"recipe": 6, "ingredient": 6, "quantity": 100, "unit": "g"}},
  {"model": "foodplan_site.recipeingredient", "pk": 10, "fields": {"recipe": 7, "ingredient": 7, "quantity": 2, "unit": "pcs"}},
  {"model": "foodplan_site.recipeingredient", "pk": 11, "fields": {"recipe": 8, "ingredient": 7, "quantity": 3, "unit": "pcs"}}
]
